,Tanggal,Pembukaan,Bulan,Tahun,Pembukaan_log,Pembukaan_filled
0,2022-01-03,177.83,1,2022,0.24028076784938274,0.24028076784938274
1,2022-01-04,182.63,1,2022,0.4190146830717383,0.4190146830717383
2,2022-01-05,179.61,1,2022,0.3074215790625559,0.3074215790625559
3,2022-01-06,172.7,1,2022,0.04083150337522104,0.04083150337522104
4,2022-01-07,172.89,1,2022,0.04838117007084598,0.04838117007084598
5,2022-01-08,172.79499999999996,1,2022,0.04460793925461735,0.04460793925461735
6,2022-01-09,172.89,1,2022,0.04838117007084598,0.04838117007084598
7,2022-01-10,169.08,1,2022,-0.10550395560867695,-0.10550395560867695
8,2022-01-11,172.32,1,2022,0.025693619543382135,0.025693619543382135
9,2022-01-12,176.12,1,2022,0.1747954107282157,0.1747954107282157
10,2022-01-13,175.78,1,2022,0.1616577823673943,0.1616577823673943
11,2022-01-14,171.34,1,2022,-0.01358521194883293,-0.01358521194883293
12,2022-01-15,173.56,1,2022,0.07490174732082672,0.07490174732082672
13,2022-01-16,171.34,1,2022,-0.01358521194883293,-0.01358521194883293
14,2022-01-17,172.45,1,2022,0.03087816610822516,0.03087816610822516
15,2022-01-18,171.51,1,2022,-0.006746696899726307,-0.006746696899726307
16,2022-01-19,170.0,1,2022,-0.06785801960428371,-0.06785801960428371
17,2022-01-20,166.98,1,2022,-0.19263202412978736,-0.19263202412978736
18,2022-01-21,164.41,1,2022,-0.30159066034405385,-0.30159066034405385
19,2022-01-22,165.695,1,2022,-0.2467851773971692,-0.2467851773971692
20,2022-01-23,164.41,1,2022,-0.30159066034405385,-0.30159066034405385
21,2022-01-24,160.02,1,2022,-0.4939263788759594,-0.4939263788759594
22,2022-01-25,158.98,1,2022,-0.540688652459682,-0.540688652459682
23,2022-01-26,163.5,1,2022,-0.34080397304380616,-0.34080397304380616
24,2022-01-27,162.45,1,2022,-0.38647090866994194,-0.38647090866994194
25,2022-01-28,165.71,1,2022,-0.2461493014678773,-0.2461493014678773
26,2022-01-29,164.07999999999998,1,2022,-0.31577206552498904,-0.31577206552498904
27,2022-01-30,165.71,1,2022,-0.2461493014678773,-0.2461493014678773
28,2022-01-31,170.16,1,2022,-0.06134300207062496,-0.06134300207062496
29,2022-02-01,174.01,2,2022,0.09262548446687391,0.09262548446687391
30,2022-02-02,174.75,2,2022,0.1216177929857539,0.1216177929857539
31,2022-02-03,174.48,2,2022,0.11106152443221026,0.11106152443221026
32,2022-02-04,171.68,2,2022,8.135851018005436e-05,8.135851018005436e-05
33,2022-02-05,173.08000000000004,2,2022,0.055918034380880076,0.055918034380880076
34,2022-02-06,171.68,2,2022,8.135851018005436e-05,8.135851018005436e-05
35,2022-02-07,172.86,2,2022,0.04718996947946299,0.04718996947946299
36,2022-02-08,171.73,2,2022,0.002087623338331725,0.002087623338331725
37,2022-02-09,176.05,2,2022,0.1720938086713281,0.1720938086713281
38,2022-02-10,174.14,2,2022,0.09773250226496634,0.09773250226496634
39,2022-02-11,172.33,2,2022,0.026092645243316646,0.026092645243316646
40,2022-02-12,173.235,2,2022,0.062057071635778054,0.062057071635778054
41,2022-02-13,172.33,2,2022,0.026092645243316646,0.026092645243316646
42,2022-02-14,167.37,2,2022,-0.17632353971940182,-0.17632353971940182
43,2022-02-15,170.97,2,2022,-0.028505322154775498,-0.028505322154775498
44,2022-02-16,171.85,2,2022,0.006898980552822924,0.006898980552822924
45,2022-02-17,171.03,2,2022,-0.026082459076307667,-0.026082459076307667
46,2022-02-18,169.82,2,2022,-0.07519874178627002,-0.07519874178627002
47,2022-02-19,170.42499999999998,2,2022,-0.050573287314858016,-0.050573287314858016
48,2022-02-20,169.82,2,2022,-0.07519874178627002,-0.07519874178627002
49,2022-02-21,170.1225,2,2022,-0.06286911033107827,-0.06286911033107827
50,2022-02-22,164.98,2,2022,-0.2771987288687003,-0.2771987288687003
51,2022-02-23,165.54,2,2022,-0.25336110371219495,-0.25336110371219495
52,2022-02-24,152.58,2,2022,-0.8392118905273952,-0.8392118905273952
53,2022-02-25,163.84,2,2022,-0.32611350280944845,-0.32611350280944845
54,2022-02-26,158.21,2,2022,-0.5756160447131432,-0.5756160447131432
55,2022-02-27,163.84,2,2022,-0.32611350280944845,-0.32611350280944845
56,2022-02-28,163.06,2,2022,-0.3598853288645206,-0.3598853288645206
57,2022-03-01,164.69,3,2022,-0.28959237151954526,-0.28959237151954526
58,2022-03-02,164.39,3,2022,-0.3024488881299649,-0.3024488881299649
59,2022-03-03,168.47,3,2022,-0.13063970129438304,-0.13063970129438304
60,2022-03-04,164.49,3,2022,-0.29815936039676144,-0.29815936039676144
61,2022-03-05,166.48000000000002,3,2022,-0.213626575847761,-0.213626575847761
62,2022-03-06,164.49,3,2022,-0.29815936039676144,-0.29815936039676144
63,2022-03-07,163.36,3,2022,-0.3468667062956789,-0.3468667062956789
64,2022-03-08,158.82,3,2022,-0.5479247741104089,-0.5479247741104089
65,2022-03-09,161.47,3,2022,-0.4295064170151255,-0.4295064170151255
66,2022-03-10,160.2,3,2022,-0.48588051137410815,-0.48588051137410815
67,2022-03-11,158.93,3,2022,-0.5429487325136012,-0.5429487325136012
68,2022-03-12,159.565,3,2022,-0.5143269803434936,-0.5143269803434936
69,2022-03-13,158.93,3,2022,-0.5429487325136012,-0.5429487325136012
70,2022-03-14,151.45,3,2022,-0.8939334483083516,-0.8939334483083516
71,2022-03-15,150.9,3,2022,-0.9207963650153262,-0.9207963650153262
72,2022-03-16,157.05,3,2022,-0.6287322316728735,-0.6287322316728735
73,2022-03-17,158.61,3,2022,-0.5574392780975754,-0.5574392780975754
74,2022-03-18,160.51,3,2022,-0.4720564014684512,-0.4720564014684512
75,2022-03-19,159.56,3,2022,-0.5145516614905524,-0.5145516614905524
76,2022-03-20,160.51,3,2022,-0.4720564014684512,-0.4720564014684512
77,2022-03-21,163.51,3,2022,-0.34037122735424713,-0.34037122735424713
78,2022-03-22,165.51,3,2022,-0.25463496178647643,-0.25463496178647643
79,2022-03-23,167.99,3,2022,-0.15051766150398332,-0.15051766150398332
80,2022-03-24,171.06,3,2022,-0.02487151969725265,-0.02487151969725265
81,2022-03-25,173.88,3,2022,0.08751257075715205,0.08751257075715205
82,2022-03-26,172.47000000000003,3,2022,0.03167525296058167,0.03167525296058167
83,2022-03-27,173.88,3,2022,0.08751257075715205,0.08751257075715205
84,2022-03-28,172.17,3,2022,0.01970393962867976,0.01970393962867976
85,2022-03-29,176.69,3,2022,0.19673260190820727,0.19673260190820727
86,2022-03-30,178.55,3,2022,0.26756335236038964,0.26756335236038964
87,2022-03-31,177.84,3,2022,0.2406608606342743,0.2406608606342743
88,2022-04-01,174.03,4,2022,0.09341156299039231,0.09341156299039231
89,2022-04-02,175.935,4,2022,0.16765185875001848,0.16765185875001848
90,2022-04-03,174.03,4,2022,0.09341156299039231,0.09341156299039231
91,2022-04-04,174.57,4,2022,0.11458308228875924,0.11458308228875924
92,2022-04-05,177.5,4,2022,0.22771915588275127,0.22771915588275127
93,2022-04-06,172.36,4,2022,0.02728950782270222,0.02728950782270222
94,2022-04-07,171.16,4,2022,-0.02083742253471216,-0.02083742253471216
95,2022-04-08,171.78,4,2022,0.004092986293584708,0.004092986293584708
96,2022-04-09,171.46999999999997,4,2022,-0.00835481728348246,-0.00835481728348246
97,2022-04-10,171.78,4,2022,0.004092986293584708,0.004092986293584708
98,2022-04-11,168.71,4,2022,-0.12073348334693758,-0.12073348334693758
99,2022-04-12,168.02,4,2022,-0.1492727205564181,-0.1492727205564181
100,2022-04-13,167.39,4,2022,-0.17548878898590875,-0.17548878898590875
101,2022-04-14,170.62,4,2022,-0.0426649045777931,-0.0426649045777931
102,2022-04-15,169.005,4,2022,-0.10858686130123425,-0.10858686130123425
103,2022-04-16,170.62,4,2022,-0.0426649045777931,-0.0426649045777931
104,2022-04-17,169.8125,4,2022,-0.07550486594276785,-0.07550486594276785
105,2022-04-18,163.92,4,2022,-0.3226637598017945,-0.3226637598017945
106,2022-04-19,165.02,4,2022,-0.2754919003403971,-0.2754919003403971
107,2022-04-20,168.76,4,2022,-0.11867242646520593,-0.11867242646520593
108,2022-04-21,168.91,4,2022,-0.11249490924166192,-0.11249490924166192
109,2022-04-22,166.46,4,2022,-0.21446838269349935,-0.21446838269349935
110,2022-04-23,167.685,4,2022,-0.16319407735006955,-0.16319407735006955
111,2022-04-24,166.46,4,2022,-0.21446838269349935,-0.21446838269349935
112,2022-04-25,161.12,4,2022,-0.4449740939923697,-0.4449740939923697
113,2022-04-26,162.25,4,2022,-0.3952210660417462,-0.3952210660417462
114,2022-04-27,155.91,4,2022,-0.681525912737107,-0.681525912737107
115,2022-04-28,159.25,4,2022,-0.5285031528052546,-0.5285031528052546
116,2022-04-29,161.84,4,2022,-0.4132110511784479,-0.4132110511784479
117,2022-04-30,160.54500000000002,4,2022,-0.4704982040787364,-0.4704982040787364
118,2022-05-01,161.84,5,2022,-0.4132110511784479,-0.4132110511784479
119,2022-05-02,156.71,5,2022,-0.644415670879245,-0.644415670879245
120,2022-05-03,158.15,5,2022,-0.5783486786430062,-0.5783486786430062
121,2022-05-04,159.67,5,2022,-0.5096111853064599,-0.5096111853064599
122,2022-05-05,163.85,5,2022,-0.3256821427279399,-0.3256821427279399
123,2022-05-06,156.01,5,2022,-0.6768710751587007,-0.6768710751587007
124,2022-05-07,159.93,5,2022,-0.4979545536950888,-0.4979545536950888
125,2022-05-08,156.01,5,2022,-0.6768710751587007,-0.6768710751587007
126,2022-05-09,154.93,5,2022,-0.7273884647426844,-0.7273884647426844
127,2022-05-10,155.52,5,2022,-0.6997238993647943,-0.6997238993647943
128,2022-05-11,153.5,5,2022,-0.795119594625991,-0.795119594625991
129,2022-05-12,142.77,5,2022,-1.336339313548626,-1.336339313548626
130,2022-05-13,144.59,5,2022,-1.240190617501243,-1.240190617501243
131,2022-05-14,143.68,5,2022,-1.2880301264284968,-1.2880301264284968
132,2022-05-15,144.59,5,2022,-1.240190617501243,-1.240190617501243
133,2022-05-16,145.55,5,2022,-1.1902234298927379,-1.1902234298927379
134,2022-05-17,148.86,5,2022,-1.0217676935190003,-1.0217676935190003
135,2022-05-18,146.85,5,2022,-1.1233642565193904,-1.1233642565193904
136,2022-05-19,139.88,5,2022,-1.4929635124579204,-1.4929635124579204
137,2022-05-20,139.09,5,2022,-1.5366491618689972,-1.5366491618689972
138,2022-05-21,139.485,5,2022,-1.514758639320562,-1.514758639320562
139,2022-05-22,139.09,5,2022,-1.5366491618689972,-1.5366491618689972
140,2022-05-23,137.79,5,2022,-1.6093761654255172,-1.6093761654255172
141,2022-05-24,140.81,5,2022,-1.4420212176034932,-1.4420212176034932
142,2022-05-25,138.43,5,2022,-1.5734404770235686,-1.5734404770235686
143,2022-05-26,137.39,5,2022,-1.631966955615692,-1.631966955615692
144,2022-05-27,145.39,5,2022,-1.1985159373972527,-1.1985159373972527
145,2022-05-28,141.39,5,2022,-1.4105127048238384,-1.4105127048238384
146,2022-05-29,145.39,5,2022,-1.1985159373972527,-1.1985159373972527
147,2022-05-30,143.39,5,2022,-1.3033740122075836,-1.3033740122075836
148,2022-05-31,149.07,5,2022,-1.0112752257779531,-1.0112752257779531
149,2022-06-01,149.9,6,2022,-0.9700271758675814,-0.9700271758675814
150,2022-06-02,147.83,6,2022,-1.073563376336305,-1.073563376336305
151,2022-06-03,146.9,6,2022,-1.1208109922947191,-1.1208109922947191
152,2022-06-04,147.365,6,2022,-1.097129680816241,-1.097129680816241
153,2022-06-05,146.9,6,2022,-1.1208109922947191,-1.1208109922947191
154,2022-06-06,147.03,6,2022,-1.1141787755204797,-1.1141787755204797
155,2022-06-07,144.35,6,2022,-1.2527624520226324,-1.2527624520226324
156,2022-06-08,148.58,6,2022,-1.035793229618579,-1.035793229618579
157,2022-06-09,147.08,6,2022,-1.1116303313458105,-1.1116303313458105
158,2022-06-10,140.28,6,2022,-1.4709890152033416,-1.4709890152033416
159,2022-06-11,143.68,6,2022,-1.2880301264284968,-1.2880301264284968
160,2022-06-12,140.28,6,2022,-1.4709890152033416,-1.4709890152033416
161,2022-06-13,132.87,6,2022,-1.8944915313281596,-1.8944915313281596
162,2022-06-14,133.13,6,2022,-1.8790188860335917,-1.8790188860335917
163,2022-06-15,134.29,6,2022,-1.8105506082901364,-1.8105506082901364
164,2022-06-16,132.08,6,2022,-1.94179235594463,-1.94179235594463
165,2022-06-17,130.07,6,2022,-2.0641313152265384,-2.0641313152265384
166,2022-06-18,131.075,6,2022,-2.0026003382580666,-2.0026003382580666
167,2022-06-19,130.07,6,2022,-2.0641313152265384,-2.0641313152265384
168,2022-06-20,130.5725,6,2022,-2.0332745714986724,-2.0332745714986724
169,2022-06-21,133.42,6,2022,-1.8618158027089753,-1.8618158027089753
170,2022-06-22,134.79,6,2022,-1.7813189503533446,-1.7813189503533446
171,2022-06-23,136.82,6,2022,-1.6643346513681436,-1.6643346513681436
172,2022-06-24,139.9,6,2022,-1.491862486675118,-1.491862486675118
173,2022-06-25,138.35999999999999,6,2022,-1.5773584541769912,-1.5773584541769912
174,2022-06-26,139.9,6,2022,-1.491862486675118,-1.491862486675118
175,2022-06-27,142.7,6,2022,-1.3400750765956004,-1.3400750765956004
176,2022-06-28,142.13,6,2022,-1.370600434901818,-1.370600434901818
177,2022-06-29,137.46,6,2022,-1.6280062505365027,-1.6280062505365027
178,2022-06-30,137.25,6,2022,-1.6398977090097357,-1.6398977090097357
179,2022-07-01,136.04,7,2022,-1.7089657724457716,-1.7089657724457716
180,2022-07-02,136.64499999999998,7,2022,-1.6743138538439006,-1.6743138538439006
181,2022-07-03,136.04,7,2022,-1.7089657724457716,-1.7089657724457716
182,2022-07-04,136.34249999999997,7,2022,-1.6916101757249602,-1.6916101757249602
183,2022-07-05,137.77,7,2022,-1.6105033022552073,-1.6105033022552073
184,2022-07-06,141.35,7,2022,-1.4126793019832604,-1.4126793019832604
185,2022-07-07,143.29,7,2022,-1.3086761112793173,-1.3086761112793173
186,2022-07-08,145.26,7,2022,-1.2052639729111034,-1.2052639729111034
187,2022-07-09,144.27499999999998,7,2022,-1.256697764918044,-1.256697764918044
188,2022-07-10,145.26,7,2022,-1.2052639729111034,-1.2052639729111034
189,2022-07-11,145.67,7,2022,-1.1840132723146224,-1.1840132723146224
190,2022-07-12,145.76,7,2022,-1.1793608309630113,-1.1793608309630113
191,2022-07-13,142.99,7,2022,-1.3246167138679679,-1.3246167138679679
192,2022-07-14,144.08,7,2022,-1.2669443636638125,-1.2669443636638125
193,2022-07-15,149.78,7,2022,-0.97596893357769,-0.97596893357769
194,2022-07-16,146.93,7,2022,-1.1192796772283553,-1.1192796772283553
195,2022-07-17,149.78,7,2022,-0.97596893357769,-0.97596893357769
196,2022-07-18,150.74,7,2022,-0.9286394178180662,-0.9286394178180662
197,2022-07-19,147.92,7,2022,-1.0690153624917225,-1.0690153624917225
198,2022-07-20,151.12,7,2022,-0.9100330957719985,-0.9100330957719985
199,2022-07-21,154.5,7,2022,-0.7476534186354054,-0.7476534186354054
200,2022-07-22,155.39,7,2022,-0.7058055546520907,-0.7058055546520907
201,2022-07-23,154.945,7,2022,-0.7266831147678955,-0.7266831147678955
202,2022-07-24,155.39,7,2022,-0.7058055546520907,-0.7058055546520907
203,2022-07-25,154.01,7,2022,-0.7708524132110492,-0.7708524132110492
204,2022-07-26,152.26,7,2022,-0.8546446380920374,-0.8546446380920374
205,2022-07-27,152.58,7,2022,-0.8392118905273952,-0.8392118905273952
206,2022-07-28,156.98,7,2022,-0.63195688870947,-0.63195688870947
207,2022-07-29,161.24,7,2022,-0.43966505185637206,-0.43966505185637206
208,2022-07-30,159.11,7,2022,-0.5348175757246852,-0.5348175757246852
209,2022-07-31,161.24,7,2022,-0.43966505185637206,-0.43966505185637206
210,2022-08-01,161.01,8,2022,-0.44984608093234796,-0.44984608093234796
211,2022-08-02,160.1,8,2022,-0.4903487138592066,-0.4903487138592066
212,2022-08-03,160.84,8,2022,-0.4573856303228825,-0.4573856303228825
213,2022-08-04,166.01,8,2022,-0.2334504171381274,-0.2334504171381274
214,2022-08-05,163.21,8,2022,-0.3533713996303237,-0.3533713996303237
215,2022-08-06,164.61,8,2022,-0.2930172385991239,-0.2930172385991239
216,2022-08-07,163.21,8,2022,-0.3533713996303237,-0.3533713996303237
217,2022-08-08,166.37,8,2022,-0.2182584469089089,-0.2182584469089089
218,2022-08-09,164.02,8,2022,-0.3183552345499385,-0.3183552345499385
219,2022-08-10,167.68,8,2022,-0.16340218401570972,-0.16340218401570972
220,2022-08-11,170.06,8,2022,-0.06541377882036772,-0.06541377882036772
221,2022-08-12,169.82,8,2022,-0.07519874178627002,-0.07519874178627002
222,2022-08-13,169.94,8,2022,-0.07030359289665808,-0.07030359289665808
223,2022-08-14,169.82,8,2022,-0.07519874178627002,-0.07519874178627002
224,2022-08-15,171.52,8,2022,-0.006344757298434668,-0.006344757298434668
225,2022-08-16,172.78,8,2022,0.04401187309900983,0.04401187309900983
226,2022-08-17,172.77,8,2022,0.043614451261799816,0.043614451261799816
227,2022-08-18,173.75,8,2022,0.08239374993864712,0.08239374993864712
228,2022-08-19,173.03,8,2022,0.05393588826130005,0.05393588826130005
229,2022-08-20,173.39,8,2022,0.06818763175535167,0.06818763175535167
230,2022-08-21,173.03,8,2022,0.05393588826130005,0.05393588826130005
231,2022-08-22,169.69,8,2022,-0.08050785104345463,-0.08050785104345463
232,2022-08-23,167.08,8,2022,-0.18844475850798922,-0.18844475850798922
233,2022-08-24,167.32,8,2022,-0.17841109055102092,-0.17841109055102092
234,2022-08-25,168.78,8,2022,-0.117848267710768,-0.117848267710768
235,2022-08-26,170.57,8,2022,-0.04469136398621693,-0.04469136398621693
236,2022-08-27,169.675,8,2022,-0.08112084473915465,-0.08112084473915465
237,2022-08-28,170.57,8,2022,-0.04469136398621693,-0.04469136398621693
238,2022-08-29,161.15,8,2022,-0.44364626133162804,-0.44364626133162804
239,2022-08-30,162.13,8,2022,-0.4004791573077208,-0.4004791573077208
240,2022-08-31,160.3,8,2022,-0.481416612282992,-0.481416612282992
241,2022-09-01,156.64,9,2022,-0.6476511350615862,-0.6476511350615862
242,2022-09-02,159.75,9,2022,-0.5060214104386377,-0.5060214104386377
243,2022-09-03,158.195,9,2022,-0.5762990532157022,-0.5762990532157022
244,2022-09-04,159.75,9,2022,-0.5060214104386377,-0.5060214104386377
245,2022-09-05,158.97249999999997,9,2022,-0.5410275945176858,-0.5410275945176858
246,2022-09-06,156.47,9,2022,-0.6555179899964376,-0.6555179899964376
247,2022-09-07,154.82,9,2022,-0.7325642535291566,-0.7325642535291566
248,2022-09-08,154.64,9,2022,-0.7410459795286309,-0.7410459795286309
249,2022-09-09,155.47,9,2022,-0.7020620687226516,-0.7020620687226516
250,2022-09-10,155.055,9,2022,-0.7215137664605972,-0.7215137664605972
251,2022-09-11,155.47,9,2022,-0.7020620687226516,-0.7020620687226516
252,2022-09-12,159.59,9,2022,-0.5132037376026212,-0.5132037376026212
253,2022-09-13,159.9,9,2022,-0.4992980563213611,-0.4992980563213611
254,2022-09-14,154.79,9,2022,-0.7339768173901364,-0.7339768173901364
255,2022-09-15,154.65,9,2022,-0.7405743728593281,-0.7405743728593281
256,2022-09-16,151.21,9,2022,-0.905636906277817,-0.905636906277817
257,2022-09-17,152.93,9,2022,-0.8223894115361035,-0.8223894115361035
258,2022-09-18,151.21,9,2022,-0.905636906277817,-0.905636906277817
259,2022-09-19,149.31,9,2022,-0.9993117251486121,-0.9993117251486121
260,2022-09-20,153.4,9,2022,-0.7998924605453059,-0.7998924605453059
261,2022-09-21,157.34,9,2022,-0.6153965349010204,-0.6153965349010204
262,2022-09-22,152.38,9,2022,-0.848851497163985,-0.848851497163985
263,2022-09-23,151.19,9,2022,-0.9066134882898079,-0.9066134882898079
264,2022-09-24,151.785,9,2022,-0.8776451409979314,-0.8776451409979314
265,2022-09-25,151.19,9,2022,-0.9066134882898079,-0.9066134882898079
266,2022-09-26,149.66,9,2022,-0.9819180410529551,-0.9819180410529551
267,2022-09-27,152.74,9,2022,-0.8315142332527734,-0.8315142332527734
268,2022-09-28,147.64,9,2022,-1.083178782401268,-1.083178782401268
269,2022-09-29,146.1,9,2022,-1.161824859061454,-1.161824859061454
270,2022-09-30,141.28,9,2022,-1.4164731234020183,-1.4164731234020183
271,2022-10-01,143.69,10,2022,-1.287501879060745,-1.287501879060745
272,2022-10-02,141.28,10,2022,-1.4164731234020183,-1.4164731234020183
273,2022-10-03,138.21,10,2022,-1.5857644220368805,-1.5857644220368805
274,2022-10-04,145.03,10,2022,-1.217225656445827,-1.217225656445827
275,2022-10-05,144.07,10,2022,-1.2674704068944778,-1.2674704068944778
276,2022-10-06,145.81,10,2022,-1.1767780557780778,-1.1767780557780778
277,2022-10-07,142.54,10,2022,-1.3486245876275005,-1.3486245876275005
278,2022-10-08,144.17499999999998,10,2022,-1.261949760406586,-1.261949760406586
279,2022-10-09,142.54,10,2022,-1.3486245876275005,-1.3486245876275005
280,2022-10-10,140.42,10,2022,-1.4633207576133183,-1.4633207576133183
281,2022-10-11,139.9,10,2022,-1.491862486675118,-1.491862486675118
282,2022-10-12,139.13,10,2022,-1.5344280392921354,-1.5344280392921354
283,2022-10-13,134.99,10,2022,-1.7696730543725125,-1.7696730543725125
284,2022-10-14,144.31,10,2022,-1.2548608929473197,-1.2548608929473197
285,2022-10-15,139.65,10,2022,-1.5056427835814494,-1.5056427835814494
286,2022-10-16,144.31,10,2022,-1.2548608929473197,-1.2548608929473197
287,2022-10-17,141.07,10,2022,-1.4278720043153625,-1.4278720043153625
288,2022-10-18,145.49,10,2022,-1.19333147151133,-1.19333147151133
289,2022-10-19,141.69,10,2022,-1.3942933071373658,-1.3942933071373658
290,2022-10-20,143.02,10,2022,-1.323020332934006,-1.323020332934006
291,2022-10-21,142.87,10,2022,-1.3310074074704623,-1.3310074074704623
292,2022-10-22,142.94500000000002,10,2022,-1.3270122541890343,-1.3270122541890343
293,2022-10-23,142.87,10,2022,-1.3310074074704623,-1.3310074074704623
294,2022-10-24,147.18,10,2022,-1.1065374505915178,-1.1065374505915178
295,2022-10-25,150.09,10,2022,-0.9606343876997446,-0.9606343876997446
296,2022-10-26,150.96,10,2022,-0.9178585276535878,-0.9178585276535878
297,2022-10-27,148.07,10,2022,-1.0614448192052302,-1.0614448192052302
298,2022-10-28,148.2,10,2022,-1.05489324657458,-1.05489324657458
299,2022-10-29,148.135,10,2022,-1.0581679240424153,-1.0581679240424153
300,2022-10-30,148.2,10,2022,-1.05489324657458,-1.05489324657458
301,2022-10-31,153.15,10,2022,-0.8118456602436456,-0.8118456602436456
302,2022-11-01,155.08,11,2022,-0.7203397038419577,-0.7203397038419577
303,2022-11-02,148.95,11,2022,-1.0172681268240558,-1.0172681268240558
304,2022-11-03,142.06,11,2022,-1.3743621830249815,-1.3743621830249815
305,2022-11-04,142.09,11,2022,-1.3727496552451748,-1.3727496552451748
306,2022-11-05,142.07500000000002,11,2022,-1.3735558534861967,-1.3735558534861967
307,2022-11-06,142.09,11,2022,-1.3727496552451748,-1.3727496552451748
308,2022-11-07,137.11,11,2022,-1.6478409469150985,-1.6478409469150985
309,2022-11-08,140.41,11,2022,-1.463868099203714,-1.463868099203714
310,2022-11-09,138.5,11,2022,-1.5695255539956745,-1.5695255539956745
311,2022-11-10,141.24,11,2022,-1.4186423233171528,-1.4186423233171528
312,2022-11-11,145.82,11,2022,-1.1762616646945394,-1.1762616646945394
313,2022-11-12,143.53000000000003,11,2022,-1.2959606484597588,-1.2959606484597588
314,2022-11-13,145.82,11,2022,-1.1762616646945394,-1.1762616646945394
315,2022-11-14,148.97,11,2022,-1.0162687927494716,-1.0162687927494716
316,2022-11-15,152.21,11,2022,-0.8570605267037538,-0.8570605267037538
317,2022-11-16,149.13,11,2022,-1.0082815657824613,-1.0082815657824613
318,2022-11-17,146.43,11,2022,-1.1448647539991978,-1.1448647539991978
319,2022-11-18,152.3,11,2022,-0.8527128084892464,-0.8527128084892464
320,2022-11-19,149.365,11,2022,-0.9965742677255754,-0.9965742677255754
321,2022-11-20,152.3,11,2022,-0.8527128084892464,-0.8527128084892464
322,2022-11-21,150.16,11,2022,-0.9571785102710123,-0.9571785102710123
323,2022-11-22,148.13,11,2022,-1.0584199141349124,-1.0584199141349124
324,2022-11-23,149.45,11,2022,-0.992346709516757,-0.992346709516757
325,2022-11-24,148.79000000000002,11,2022,-1.0252702594316978,-1.0252702594316978
326,2022-11-25,148.3,11,2022,-1.0498596059713774,-1.0498596059713774
327,2022-11-26,148.3,11,2022,-1.0498596059713774,-1.0498596059713774
328,2022-11-27,148.3,11,2022,-1.0498596059713774,-1.0498596059713774
329,2022-11-28,145.14,11,2022,-1.2115012029850707,-1.2115012029850707
330,2022-11-29,144.29,11,2022,-1.255910449911137,-1.255910449911137
331,2022-11-30,141.4,11,2022,-1.4099712032454397,-1.4099712032454397
332,2022-12-01,148.21,12,2022,-1.0543896467206975,-1.0543896467206975
333,2022-12-02,145.96,12,2022,-1.1690379212476987,-1.1690379212476987
334,2022-12-03,147.085,12,2022,-1.111375560441036,-1.111375560441036
335,2022-12-04,145.96,12,2022,-1.1690379212476987,-1.1690379212476987
336,2022-12-05,147.77,12,2022,-1.076597759579949,-1.076597759579949
337,2022-12-06,147.07,12,2022,-1.112139913243969,-1.112139913243969
338,2022-12-07,142.19,12,2022,-1.367378353098125,-1.367378353098125
339,2022-12-08,142.36,12,2022,-1.3582604988199263,-1.3582604988199263
340,2022-12-09,142.34,12,2022,-1.3593323156932096,-1.3593323156932096
341,2022-12-10,142.35000000000002,12,2022,-1.3587963782220045,-1.3587963782220045
342,2022-12-11,142.34,12,2022,-1.3593323156932096,-1.3593323156932096
343,2022-12-12,142.7,12,2022,-1.3400750765956004,-1.3400750765956004
344,2022-12-13,149.5,12,2022,-0.9898616431778229,-0.9898616431778229
345,2022-12-14,145.35,12,2022,-1.2005912643237588,-1.2005912643237588
346,2022-12-15,141.11,12,2022,-1.4256987718372838,-1.4256987718372838
347,2022-12-16,136.68,12,2022,-1.6723164372593968,-1.6723164372593968
348,2022-12-17,138.89499999999998,12,2022,-1.5474912577234863,-1.5474912577234863
349,2022-12-18,136.68,12,2022,-1.6723164372593968,-1.6723164372593968
350,2022-12-19,135.11,12,2022,-1.7626982785615715,-1.7626982785615715
351,2022-12-20,131.39,12,2022,-1.9834639886461842,-1.9834639886461842
352,2022-12-21,132.98,12,2022,-1.887939720385771,-1.887939720385771
353,2022-12-22,134.35,12,2022,-1.807033954900145,-1.807033954900145
354,2022-12-23,130.92,12,2022,-2.0120426830255163,-2.0120426830255163
355,2022-12-24,132.635,12,2022,-1.9085166374538571,-1.9085166374538571
356,2022-12-25,130.92,12,2022,-2.0120426830255163,-2.0120426830255163
357,2022-12-26,131.77749999999997,12,2022,-1.9600200310815097,-1.9600200310815097
358,2022-12-27,131.38,12,2022,-1.984070404580489,-1.984070404580489
359,2022-12-28,129.67,12,2022,-2.088825554955449,-2.088825554955449
360,2022-12-29,127.99,12,2022,-2.193837454954378,-2.193837454954378
361,2022-12-30,128.41,12,2022,-2.167386055245879,-2.167386055245879
362,2022-12-31,128.2,12,2022,-2.1805950596541344,-2.1805950596541344
363,2023-01-01,128.41,1,2023,-2.167386055245879,-2.167386055245879
364,2023-01-02,128.30499999999998,1,2023,-2.1739863922432043,-2.1739863922432043
365,2023-01-03,130.28,1,2023,-2.0512136463836814,-2.0512136463836814
366,2023-01-04,126.89,1,2023,-2.263753430776232,-2.263753430776232
367,2023-01-05,127.13,1,2023,-2.24841954660275,-2.24841954660275
368,2023-01-06,126.01,1,2023,-2.3203622806588524,-2.3203622806588524
369,2023-01-07,126.57,1,2023,-2.2842682771492777,-2.2842682771492777
370,2023-01-08,126.01,1,2023,-2.3203622806588524,-2.3203622806588524
371,2023-01-09,130.46,1,2023,-2.0401668782429176,-2.0401668782429176
372,2023-01-10,130.26,1,2023,-2.05244251737368,-2.05244251737368
373,2023-01-11,131.25,1,2023,-1.9919602921412307,-1.9919602921412307
374,2023-01-12,133.88,1,2023,-1.8346460747428346,-1.8346460747428346
375,2023-01-13,132.03,1,2023,-1.9448007530055973,-1.9448007530055973
376,2023-01-14,132.95499999999998,1,2023,-1.8894280344800398,-1.8894280344800398
377,2023-01-15,132.03,1,2023,-1.9448007530055973,-1.9448007530055973
378,2023-01-16,132.4925,1,2023,-1.9170398959015054,-1.9170398959015054
379,2023-01-17,134.83,1,2023,-1.778987640463016,-1.778987640463016
380,2023-01-18,136.82,1,2023,-1.6643346513681436,-1.6643346513681436
381,2023-01-19,134.08,1,2023,-1.8228779971163513,-1.8228779971163513
382,2023-01-20,135.28,1,2023,-1.752833680272669,-1.752833680272669
383,2023-01-21,134.68,1,2023,-1.787735556427924,-1.787735556427924
384,2023-01-22,135.28,1,2023,-1.752833680272669,-1.752833680272669
385,2023-01-23,138.12,1,2023,-1.5908147590144657,-1.5908147590144657
386,2023-01-24,140.3,1,2023,-1.4698928273341885,-1.4698928273341885
387,2023-01-25,140.89,1,2023,-1.4376633243832606,-1.4376633243832606
388,2023-01-26,143.17,1,2023,-1.3150461693281625,-1.3150461693281625
389,2023-01-27,143.15,1,2023,-1.3161086464107348,-1.3161086464107348
390,2023-01-28,143.16,1,2023,-1.315577379249625,-1.315577379249625
391,2023-01-29,143.15,1,2023,-1.3161086464107348,-1.3161086464107348
392,2023-01-30,144.96,1,2023,-1.220871979017855,-1.220871979017855
393,2023-01-31,142.7,1,2023,-1.3400750765956004,-1.3400750765956004
394,2023-02-01,143.97,2,2023,-1.272733938843529,-1.272733938843529
395,2023-02-02,148.9,2,2023,-1.0197673680428552,-1.0197673680428552
396,2023-02-03,148.03,2,2023,-1.0634624734310343,-1.0634624734310343
397,2023-02-04,148.465,2,2023,-1.0415655379758884,-1.0415655379758884
398,2023-02-05,148.03,2,2023,-1.0634624734310343,-1.0634624734310343
399,2023-02-06,152.57,2,2023,-0.8396934076929363,-0.8396934076929363
400,2023-02-07,150.64,2,2023,-0.9335478521715318,-0.9335478521715318
401,2023-02-08,153.88,2,2023,-0.7770263769175998,-0.7770263769175998
402,2023-02-09,153.77,2,2023,-0.7822567905840057,-0.7822567905840057
403,2023-02-10,149.46,2,2023,-0.991849593631121,-0.991849593631121
404,2023-02-11,151.615,2,2023,-0.8859039087253145,-0.8859039087253145
405,2023-02-12,149.46,2,2023,-0.991849593631121,-0.991849593631121
406,2023-02-13,150.95,2,2023,-0.9183480420794484,-0.9183480420794484
407,2023-02-14,152.12,2,2023,-0.8614122137935041,-0.8614122137935041
408,2023-02-15,153.11,2,2023,-0.8137609668273107,-0.8137609668273107
409,2023-02-16,153.51,2,2023,-0.7946425719483232,-0.7946425719483232
410,2023-02-17,152.35,2,2023,-0.8502991222379086,-0.8502991222379086
411,2023-02-18,152.93,2,2023,-0.8223894115361035,-0.8223894115361035
412,2023-02-19,152.35,2,2023,-0.8502991222379086,-0.8502991222379086
413,2023-02-20,152.64,2,2023,-0.8363238099005232,-0.8363238099005232
414,2023-02-21,150.2,2,2023,-0.9552048390443509,-0.9552048390443509
415,2023-02-22,148.87,2,2023,-1.0212675344062416,-1.0212675344062416
416,2023-02-23,150.09,2,2023,-0.9606343876997446,-0.9606343876997446
417,2023-02-24,147.11,2,2023,-1.110101906314151,-1.110101906314151
418,2023-02-25,148.60000000000002,2,2023,-1.0347900535269932,-1.0347900535269932
419,2023-02-26,147.11,2,2023,-1.110101906314151,-1.110101906314151
420,2023-02-27,147.71,2,2023,-1.0796340443170973,-1.0796340443170973
421,2023-02-28,147.05,2,2023,-1.1131592374270034,-1.1131592374270034
422,2023-03-01,146.83,3,2023,-1.1243859377819576,-1.1243859377819576
423,2023-03-02,144.38,3,2023,-1.2511892098963686,-1.2511892098963686
424,2023-03-03,148.04,3,2023,-1.062957981020681,-1.062957981020681
425,2023-03-04,146.20999999999998,3,2023,-1.156164929390415,-1.156164929390415
426,2023-03-05,148.04,3,2023,-1.062957981020681,-1.062957981020681
427,2023-03-06,153.79,3,2023,-0.7813053768624538,-0.7813053768624538
428,2023-03-07,153.7,3,2023,-0.7855882430626475,-0.7855882430626475
429,2023-03-08,152.81,3,2023,-0.828150419894411,-0.828150419894411
430,2023-03-09,153.56,3,2023,-0.7922581776922257,-0.7922581776922257
431,2023-03-10,150.21,3,2023,-0.9547115479560526,-0.9547115479560526
432,2023-03-11,151.885,3,2023,-0.8727937068103666,-0.8727937068103666
433,2023-03-12,150.21,3,2023,-0.9547115479560526,-0.9547115479560526
434,2023-03-13,147.8,3,2023,-1.0750803303937908,-1.0750803303937908
435,2023-03-14,151.28,3,2023,-0.9022204382717138,-0.9022204382717138
436,2023-03-15,151.19,3,2023,-0.9066134882898079,-0.9066134882898079
437,2023-03-16,152.16,3,2023,-0.8594776402767197,-0.8594776402767197
438,2023-03-17,156.08,3,2023,-0.6736154279197961,-0.6736154279197961
439,2023-03-18,154.12,3,2023,-0.7656345685228902,-0.7656345685228902
440,2023-03-19,156.08,3,2023,-0.6736154279197961,-0.6736154279197961
441,2023-03-20,155.07,3,2023,-0.7208092938346865,-0.7208092938346865
442,2023-03-21,157.32,3,2023,-0.6163150198406108,-0.6163150198406108
443,2023-03-22,159.3,3,2023,-0.5262500779503275,-0.5262500779503275
444,2023-03-23,158.83,3,2023,-0.5474721868876496,-0.5474721868876496
445,2023-03-24,158.86,3,2023,-0.5461146890835455,-0.5461146890835455
446,2023-03-25,158.845,3,2023,-0.546793388517641,-0.546793388517641
447,2023-03-26,158.86,3,2023,-0.5461146890835455,-0.5461146890835455
448,2023-03-27,159.94,3,2023,-0.4975068059324856,-0.4975068059324856
449,2023-03-28,157.97,3,2023,-0.5865561907085503,-0.5865561907085503
450,2023-03-29,159.37,3,2023,-0.5230976064070612,-0.5230976064070612
451,2023-03-30,161.53,3,2023,-0.42686001131386575,-0.42686001131386575
452,2023-03-31,162.44,3,2023,-0.3869080215002315,-0.3869080215002315
453,2023-04-01,161.985,4,2023,-0.4068407057300418,-0.4068407057300418
454,2023-04-02,162.44,4,2023,-0.3869080215002315,-0.3869080215002315
455,2023-04-03,164.27,4,2023,-0.3076016421904235,-0.3076016421904235
456,2023-04-04,166.6,4,2023,-0.20857901187849828,-0.20857901187849828
457,2023-04-05,164.74,4,2023,-0.2874531336541285,-0.2874531336541285
458,2023-04-06,162.43,4,2023,-0.3873451758745259,-0.3873451758745259
459,2023-04-07,163.585,4,2023,-0.33712693657927456,-0.33712693657927456
460,2023-04-08,162.43,4,2023,-0.3873451758745259,-0.3873451758745259
461,2023-04-09,163.0075,4,2023,-0.3621673900686185,-0.3621673900686185
462,2023-04-10,161.42,4,2023,-0.43171291499530495,-0.43171291499530495
463,2023-04-11,162.35,4,2023,-0.3908439072318951,-0.3908439072318951
464,2023-04-12,161.22,4,2023,-0.4405494685704195,-0.4405494685704195
465,2023-04-13,161.63,4,2023,-0.422452705678817,-0.422452705678817
466,2023-04-14,164.59,4,2023,-0.29387385692739243,-0.29387385692739243
467,2023-04-15,163.11,4,2023,-0.35771299157829145,-0.35771299157829145
468,2023-04-16,164.59,4,2023,-0.29387385692739243,-0.29387385692739243
469,2023-04-17,165.09,4,2023,-0.27250648692324475,-0.27250648692324475
470,2023-04-18,166.1,4,2023,-0.22964765885426294,-0.22964765885426294
471,2023-04-19,165.8,4,2023,-0.24233591131443108,-0.24233591131443108
472,2023-04-20,166.09,4,2023,-0.2300700304323751,-0.2300700304323751
473,2023-04-21,165.05,4,2023,-0.274212198077528,-0.274212198077528
474,2023-04-22,165.57000000000002,4,2023,-0.2520876020196426,-0.2520876020196426
475,2023-04-23,165.05,4,2023,-0.274212198077528,-0.274212198077528
476,2023-04-24,165.0,4,2023,-0.2763452347491344,-0.2763452347491344
477,2023-04-25,165.19,4,2023,-0.26824499925348205,-0.26824499925348205
478,2023-04-26,163.05,4,2023,-0.3603199197290873,-0.3603199197290873
479,2023-04-27,165.19,4,2023,-0.26824499925348205,-0.26824499925348205
480,2023-04-28,168.49,4,2023,-0.12981335100516792,-0.12981335100516792
481,2023-04-29,166.84,4,2023,-0.1985007051402751,-0.1985007051402751
482,2023-04-30,168.49,4,2023,-0.12981335100516792,-0.12981335100516792
483,2023-05-01,169.28,5,2023,-0.09729318737246076,-0.09729318737246076
484,2023-05-02,170.09,5,2023,-0.0641921577461789,-0.0641921577461789
485,2023-05-03,169.5,5,2023,-0.0882786263544387,-0.0882786263544387
486,2023-05-04,164.89,5,2023,-0.2810414301459296,-0.2810414301459296
487,2023-05-05,170.98,5,2023,-0.028101420464839818,-0.028101420464839818
488,2023-05-06,167.935,5,2023,-0.1528009450774856,-0.1528009450774856
489,2023-05-07,170.98,5,2023,-0.028101420464839818,-0.028101420464839818
490,2023-05-08,172.48,5,2023,0.03207374285918955,0.03207374285918955
491,2023-05-09,173.05,5,2023,0.05472885284533086,0.05472885284533086
492,2023-05-10,173.02,5,2023,0.053539352885618535,0.053539352885618535
493,2023-05-11,173.85,5,2023,0.08633182912234877,0.08633182912234877
494,2023-05-12,173.62,5,2023,0.07726901078472191,0.07726901078472191
495,2023-05-13,173.73499999999999,5,2023,0.08180273614097612,0.08180273614097612
496,2023-05-14,173.62,5,2023,0.07726901078472191,0.07726901078472191
497,2023-05-15,173.16,5,2023,0.059087629467234115,0.059087629467234115
498,2023-05-16,171.99,5,2023,0.012505677276669677,0.012505677276669677
499,2023-05-17,171.71,5,2023,0.0012852256691619924,0.0012852256691619924
500,2023-05-18,173.0,5,2023,0.052746175940952114,0.052746175940952114
501,2023-05-19,176.39,5,2023,0.1852003601323223,0.1852003601323223
502,2023-05-20,174.695,5,2023,0.11946948579334307,0.11946948579334307
503,2023-05-21,176.39,5,2023,0.1852003601323223,0.1852003601323223
504,2023-05-22,173.98,5,2023,0.09144610501612205,0.09144610501612205
505,2023-05-23,173.13,5,2023,0.05789929637806383,0.05789929637806383
506,2023-05-24,171.09,5,2023,-0.023660908230288717,-0.023660908230288717
507,2023-05-25,172.41,5,2023,0.029283564035956743,0.029283564035956743
508,2023-05-26,173.32,5,2023,0.06542004018936241,0.06542004018936241
509,2023-05-27,172.86499999999998,5,2023,0.047388525082096476,0.047388525082096476
510,2023-05-28,173.32,5,2023,0.06542004018936241,0.06542004018936241
511,2023-05-29,173.09249999999997,5,2023,0.05641343274133729,0.05641343274133729
512,2023-05-30,176.96,5,2023,0.20708579191347407,0.20708579191347407
513,2023-05-31,177.32,5,2023,0.220852152552555,0.220852152552555
514,2023-06-01,177.7,6,2023,0.2353365554995233,0.2353365554995233
515,2023-06-02,181.03,6,2023,0.3602506786862263,0.3602506786862263
516,2023-06-03,179.365,6,2023,0.29824140206055944,0.29824140206055944
517,2023-06-04,181.03,6,2023,0.3602506786862263,0.3602506786862263
518,2023-06-05,182.63,6,2023,0.4190146830717383,0.4190146830717383
519,2023-06-06,179.96,6,2023,0.3205026150096946,0.3205026150096946
520,2023-06-07,178.44,6,2023,0.26340618672872335,0.26340618672872335
521,2023-06-08,177.9,6,2023,0.24294072427775829,0.24294072427775829
522,2023-06-09,181.5,6,2023,0.37759559219570543,0.37759559219570543
523,2023-06-10,179.7,6,2023,0.31078903260123736,0.31078903260123736
524,2023-06-11,181.5,6,2023,0.37759559219570543,0.37759559219570543
525,2023-06-12,181.27,6,2023,0.3691163358525125,0.3691163358525125
526,2023-06-13,182.8,6,2023,0.42521162451734157,0.42521162451734157
527,2023-06-14,183.37,6,2023,0.44592480133965634,0.44592480133965634
528,2023-06-15,183.96,6,2023,0.4672602522857538,0.4672602522857538
529,2023-06-16,186.73,6,2023,0.5660326012935734,0.5660326012935734
530,2023-06-17,185.34499999999997,6,2023,0.5169315037821693,0.5169315037821693
531,2023-06-18,186.73,6,2023,0.5660326012935734,0.5660326012935734
532,2023-06-19,186.03749999999994,6,2023,0.5415526477635706,0.5415526477635706
533,2023-06-20,184.41,6,2023,0.4834621213598777,0.4834621213598777
534,2023-06-21,184.9,6,2023,0.5010348349577135,0.5010348349577135
535,2023-06-22,183.74,6,2023,0.45931703588931133,0.45931703588931133
536,2023-06-23,185.55,6,2023,0.5242348644057407,0.5242348644057407
537,2023-06-24,184.645,6,2023,0.49189884190764566,0.49189884190764566
538,2023-06-25,185.55,6,2023,0.5242348644057407,0.5242348644057407
539,2023-06-26,186.83,6,2023,0.5695560248205903,0.5695560248205903
540,2023-06-27,185.89,6,2023,0.5363203120470774,0.5363203120470774
541,2023-06-28,187.93,6,2023,0.6081223220808143,0.6081223220808143
542,2023-06-29,189.08,6,2023,0.6480704722485108,0.6480704722485108
543,2023-06-30,191.63,6,2023,0.7353265258109426,0.7353265258109426
544,2023-07-01,190.35500000000002,7,2023,0.6919242659175047,0.6919242659175047
545,2023-07-02,191.63,7,2023,0.7353265258109426,0.7353265258109426
546,2023-07-03,193.78,7,2023,0.8075130163555166,0.8075130163555166
547,2023-07-04,193.78,7,2023,0.8075130163555166,0.8075130163555166
548,2023-07-05,191.57,7,2023,0.7332940793804319,0.7332940793804319
549,2023-07-06,189.84,7,2023,0.6742655642454243,0.6742655642454243
550,2023-07-07,191.41,7,2023,0.727869410056349,0.727869410056349
551,2023-07-08,190.62499999999997,7,2023,0.7011527591819916,0.7011527591819916
552,2023-07-09,191.41,7,2023,0.727869410056349,0.727869410056349
553,2023-07-10,189.26,7,2023,0.6542892593395776,0.6542892593395776
554,2023-07-11,189.16,7,2023,0.6508355064381391,0.6508355064381391
555,2023-07-12,189.68,7,2023,0.6687642874087719,0.6687642874087719
556,2023-07-13,190.5,7,2023,0.6968828210738526,0.6968828210738526
557,2023-07-14,190.23,7,2023,0.6876449627740683,0.6876449627740683
558,2023-07-15,190.365,7,2023,0.6922664225912659,0.6922664225912659
559,2023-07-16,190.23,7,2023,0.6876449627740683,0.6876449627740683
560,2023-07-17,191.9,7,2023,0.7444603802670183,0.7444603802670183
561,2023-07-18,193.35,7,2023,0.7931749997602137,0.7931749997602137
562,2023-07-19,193.1,7,2023,0.784816270457795,0.784816270457795
563,2023-07-20,195.09,7,2023,0.8508925721142906,0.8508925721142906
564,2023-07-21,194.1,7,2023,0.8181512987888477,0.8181512987888477
565,2023-07-22,194.59499999999997,7,2023,0.8345541117259394,0.8345541117259394
566,2023-07-23,194.1,7,2023,0.8181512987888477,0.8181512987888477
567,2023-07-24,193.41,7,2023,0.7951786100660508,0.7951786100660508
568,2023-07-25,193.33,7,2023,0.7925069161336675,0.7925069161336675
569,2023-07-26,193.67,7,2023,0.8038498346182494,0.8038498346182494
570,2023-07-27,196.02,7,2023,0.8814164884195866,0.8814164884195866
571,2023-07-28,194.67,7,2023,0.8370337622985509,0.8370337622985509
572,2023-07-29,195.34500000000003,7,2023,0.8592843757016093,0.8592843757016093
573,2023-07-30,194.67,7,2023,0.8370337622985509,0.8370337622985509
574,2023-07-31,196.06,7,2023,0.8827243241634215,0.8827243241634215
575,2023-08-01,196.24,8,2023,0.8886044860523473,0.8886044860523473
576,2023-08-02,195.04,8,2023,0.8492451324861159,0.8492451324861159
577,2023-08-03,191.57,8,2023,0.7332940793804319,0.7332940793804319
578,2023-08-04,185.52,8,2023,0.5231668587681503,0.5231668587681503
579,2023-08-05,188.54500000000002,8,2023,0.6295327310314671,0.6295327310314671
580,2023-08-06,185.52,8,2023,0.5231668587681503,0.5231668587681503
581,2023-08-07,182.13,8,2023,0.400736620458396,0.400736620458396
582,2023-08-08,179.69,8,2023,0.3104149997588208,0.3104149997588208
583,2023-08-09,180.87,8,2023,0.3543301470803853,0.3543301470803853
584,2023-08-10,179.48,8,2023,0.3025528752890789,0.3025528752890789
585,2023-08-11,177.32,8,2023,0.220852152552555,0.220852152552555
586,2023-08-12,178.39999999999998,8,2023,0.2618935085644704,0.2618935085644704
587,2023-08-13,177.32,8,2023,0.220852152552555,0.220852152552555
588,2023-08-14,177.97,8,2023,0.24559906455211503,0.24559906455211503
589,2023-08-15,178.88,8,2023,0.2800111492005271,0.2800111492005271
590,2023-08-16,177.13,8,2023,0.2135919585157648,0.2135919585157648
591,2023-08-17,177.14,8,2023,0.21397437383673695,0.21397437383673695
592,2023-08-18,172.3,8,2023,0.024895460851625202,0.024895460851625202
593,2023-08-19,174.71999999999997,8,2023,0.1204461185404347,0.1204461185404347
594,2023-08-20,172.3,8,2023,0.024895460851625202,0.024895460851625202
595,2023-08-21,175.07,8,2023,0.13409635344112697,0.13409635344112697
596,2023-08-22,177.06,8,2023,0.21091411725757359,0.21091411725757359
597,2023-08-23,178.52,8,2023,0.266429972320401,0.266429972320401
598,2023-08-24,180.67,8,2023,0.3469180954803902,0.3469180954803902
599,2023-08-25,177.38,8,2023,0.22314234955666523,0.22314234955666523
600,2023-08-26,179.02499999999998,8,2023,0.285469424770594,0.285469424770594
601,2023-08-27,177.38,8,2023,0.22314234955666523,0.22314234955666523
602,2023-08-28,180.09,8,2023,0.3253512809972701,0.3253512809972701
603,2023-08-29,179.7,8,2023,0.31078903260123736,0.31078903260123736
604,2023-08-30,184.94,8,2023,0.5024661658464599,0.5024661658464599
605,2023-08-31,187.84,8,2023,0.6049800096589942,0.6049800096589942
606,2023-09-01,189.49,9,2023,0.6622222009951836,0.6622222009951836
607,2023-09-02,188.66499999999996,9,2023,0.6336977941474958,0.6336977941474958
608,2023-09-03,189.49,9,2023,0.6622222009951836,0.6622222009951836
609,2023-09-04,189.0775,9,2023,0.6479840358040103,0.6479840358040103
610,2023-09-05,188.28,9,2023,0.6203203570603195,0.6203203570603195
611,2023-09-06,188.4,9,2023,0.6244944784550703,0.6244944784550703
612,2023-09-07,175.18,9,2023,0.13837772578627763,0.13837772578627763
613,2023-09-08,178.35,9,2023,0.2600019239822909,0.2600019239822909
614,2023-09-09,176.76500000000001,9,2023,0.19961093799043328,0.19961093799043328
615,2023-09-10,178.35,9,2023,0.2600019239822909,0.2600019239822909
616,2023-09-11,180.07,9,2023,0.3246056843440541,0.3246056843440541
617,2023-09-12,179.49,9,2023,0.3029275843391906,0.3029275843391906
618,2023-09-13,176.51,9,2023,0.18981688958827217,0.18981688958827217
619,2023-09-14,174.0,9,2023,0.09223239287711296,0.09223239287711296
620,2023-09-15,176.48,9,2023,0.18866321177474724,0.18866321177474724
621,2023-09-16,175.24,9,2023,0.1407112701447645,0.1407112701447645
622,2023-09-17,176.48,9,2023,0.18866321177474724,0.18866321177474724
623,2023-09-18,176.48,9,2023,0.18866321177474724,0.18866321177474724
624,2023-09-19,177.52,9,2023,0.22848149231067902,0.22848149231067902
625,2023-09-20,179.26,9,2023,0.29430110872441095,0.29430110872441095
626,2023-09-21,174.55,9,2023,0.1138007562307453,0.1138007562307453
627,2023-09-22,174.67,9,2023,0.11849263716628688,0.11849263716628688
628,2023-09-23,174.61,9,2023,0.11614731920156614,0.11614731920156614
629,2023-09-24,174.67,9,2023,0.11849263716628688,0.11849263716628688
630,2023-09-25,174.2,9,2023,0.10008760193224871,0.10008760193224871
631,2023-09-26,174.82,9,2023,0.12435049229663107,0.12435049229663107
632,2023-09-27,172.62,9,2023,0.03764885763373446,0.03764885763373446
633,2023-09-28,169.34,9,2023,-0.09483287731945263,-0.09483287731945263
634,2023-09-29,172.02,9,2023,0.013706195408388567,0.013706195408388567
635,2023-09-30,170.68,9,2023,-0.04023436345832213,-0.04023436345832213
636,2023-10-01,172.02,10,2023,0.013706195408388567,0.013706195408388567
637,2023-10-02,171.22,10,2023,-0.018418710854609454,-0.018418710854609454
638,2023-10-03,172.26,10,2023,0.02329871415322135,0.02329871415322135
639,2023-10-04,171.09,10,2023,-0.023660908230288717,-0.023660908230288717
640,2023-10-05,173.79,10,2023,0.08396940156239949,0.08396940156239949
641,2023-10-06,173.8,10,2023,0.08436322695740428,0.08436322695740428
642,2023-10-07,173.795,10,2023,0.0841663186345089,0.0841663186345089
643,2023-10-08,173.8,10,2023,0.08436322695740428,0.08436322695740428
644,2023-10-09,176.81,10,2023,0.20133703438612494,0.20133703438612494
645,2023-10-10,178.1,10,2023,0.25053169995115426,0.25053169995115426
646,2023-10-11,178.2,10,2023,0.25432225212444726,0.25432225212444726
647,2023-10-12,180.07,10,2023,0.3246056843440541,0.3246056843440541
648,2023-10-13,181.42,10,2023,0.37464816917623106,0.37464816917623106
649,2023-10-14,180.745,10,2023,0.3496990995034393,0.3496990995034393
650,2023-10-15,181.42,10,2023,0.37464816917623106,0.37464816917623106
651,2023-10-16,176.75,10,2023,0.19903542169294716,0.19903542169294716
652,2023-10-17,176.65,10,2023,0.19519671759790674,0.19519671759790674
653,2023-10-18,175.58,10,2023,0.15391141689640406,0.15391141689640406
654,2023-10-19,176.04,10,2023,0.17170773008001716,0.17170773008001716
655,2023-10-20,175.31,10,2023,0.14343217941108655,0.14343217941108655
656,2023-10-21,175.675,10,2023,0.15759263884219096,0.15759263884219096
657,2023-10-22,175.31,10,2023,0.14343217941108655,0.14343217941108655
658,2023-10-23,170.91,10,2023,-0.03092949863505874,-0.03092949863505874
659,2023-10-24,173.05,10,2023,0.05472885284533086,0.05472885284533086
660,2023-10-25,171.88,10,2023,0.008101009249618448,0.008101009249618448
661,2023-10-26,170.37,10,2023,-0.052806383692387666,-0.052806383692387666
662,2023-10-27,166.91,10,2023,-0.1955654145675069,-0.1955654145675069
663,2023-10-28,168.64,10,2023,-0.12362054808358869,-0.12362054808358869
664,2023-10-29,166.91,10,2023,-0.1955654145675069,-0.1955654145675069
665,2023-10-30,169.02,10,2023,-0.10797011117490728,-0.10797011117490728
666,2023-10-31,169.35,10,2023,-0.0944229565115716,-0.0944229565115716
667,2023-11-01,171.0,11,2023,-0.02729372651343499,-0.02729372651343499
668,2023-11-02,175.52,11,2023,0.15158484920872975,0.15158484920872975
669,2023-11-03,174.24,11,2023,0.10165697249912613,0.10165697249912613
670,2023-11-04,174.88,11,2023,0.1266914612794241,0.1266914612794241
671,2023-11-05,174.24,11,2023,0.10165697249912613,0.10165697249912613
672,2023-11-06,176.38,11,2023,0.184815430381675,0.184815430381675
673,2023-11-07,179.18,11,2023,0.2912965867705248,0.2912965867705248
674,2023-11-08,182.35,11,2023,0.408788506329021,0.408788506329021
675,2023-11-09,182.96,11,2023,0.4310359126704645,0.4310359126704645
676,2023-11-10,183.97,11,2023,0.4676209588662636,0.4676209588662636
677,2023-11-11,183.46499999999997,11,2023,0.44936732897902415,0.44936732897902415
678,2023-11-12,183.97,11,2023,0.4676209588662636,0.4676209588662636
679,2023-11-13,185.82,11,2023,0.5338349247046948,0.5338349247046948
680,2023-11-14,187.7,11,2023,0.6000873416421894,0.6000873416421894
681,2023-11-15,187.85,11,2023,0.6053292703493269,0.6053292703493269
682,2023-11-16,189.57,11,2023,0.6649779985285843,0.6649779985285843
683,2023-11-17,190.25,11,2023,0.6883299432139214,0.6883299432139214
684,2023-11-18,189.90999999999997,11,2023,0.6766701206248409,0.6766701206248409
685,2023-11-19,190.25,11,2023,0.6883299432139214,0.6883299432139214
686,2023-11-20,189.89,11,2023,0.6759832442759439,0.6759832442759439
687,2023-11-21,191.41,11,2023,0.727869410056349,0.727869410056349
688,2023-11-22,191.49,11,2023,0.7305826202010852,0.7305826202010852
689,2023-11-23,191.45,11,2023,0.7292262341155458,0.7292262341155458
690,2023-11-24,190.87,11,2023,0.7095093007342614,0.7095093007342614
691,2023-11-25,190.87,11,2023,0.7095093007342614,0.7095093007342614
692,2023-11-26,190.87,11,2023,0.7095093007342614,0.7095093007342614
693,2023-11-27,189.92,11,2023,0.6770135168863933,0.6770135168863933
694,2023-11-28,189.78,11,2023,0.6722034252613014,0.6722034252613014
695,2023-11-29,190.9,11,2023,0.7105314117474268,0.7105314117474268
696,2023-11-30,189.84,11,2023,0.6742655642454243,0.6742655642454243
697,2023-12-01,190.33,12,2023,0.6910687527090557,0.6910687527090557
698,2023-12-02,190.08500000000004,12,2023,0.6826755245903453,0.6826755245903453
699,2023-12-03,190.33,12,2023,0.6910687527090557,0.6910687527090557
700,2023-12-04,189.98,12,2023,0.6790733079106323,0.6790733079106323
701,2023-12-05,190.21,12,2023,0.6869598710483864,0.6869598710483864
702,2023-12-06,194.45,12,2023,0.8297559303071878,0.8297559303071878
703,2023-12-07,193.63,12,2023,0.802516971275255,0.802516971275255
704,2023-12-08,194.2,12,2023,0.8214702055702143,0.8214702055702143
705,2023-12-09,193.915,12,2023,0.8120043499892486,0.8120043499892486
706,2023-12-10,194.2,12,2023,0.8214702055702143,0.8214702055702143
707,2023-12-11,193.11,12,2023,0.7851509406614775,0.7851509406614775
708,2023-12-12,193.08,12,2023,0.7841468496974795,0.7841468496974795
709,2023-12-13,195.09,12,2023,0.8508925721142906,0.8508925721142906
710,2023-12-14,198.02,12,2023,0.9463073765239001,0.9463073765239001
711,2023-12-15,197.53,12,2023,0.9305030575524321,0.9305030575524321
712,2023-12-16,197.775,12,2023,0.9384127814061642,0.9384127814061642
713,2023-12-17,197.53,12,2023,0.9305030575524321,0.9305030575524321
714,2023-12-18,196.09,12,2023,0.8837049303968575,0.8837049303968575
715,2023-12-19,196.16,12,2023,0.8859921102384383,0.8859921102384383
716,2023-12-20,196.9,12,2023,0.9100939645112962,0.9100939645112962
717,2023-12-21,196.1,12,2023,0.8840317476211583,0.8840317476211583
718,2023-12-22,195.18,12,2023,0.8538563197709552,0.8538563197709552
719,2023-12-23,195.64000000000004,12,2023,0.8689714451520988,0.8689714451520988
720,2023-12-24,195.18,12,2023,0.8538563197709552,0.8538563197709552
721,2023-12-25,195.41000000000003,12,2023,0.8614207558126125,0.8614207558126125
722,2023-12-26,193.61,12,2023,0.8018503800339077,0.8018503800339077
723,2023-12-27,192.49,12,2023,0.7643506075106412,0.7643506075106412
724,2023-12-28,194.14,12,2023,0.8194791785159207,0.8194791785159207
725,2023-12-29,193.9,12,2023,0.8115055515582066,0.8115055515582066
726,2023-12-30,194.01999999999998,12,2023,0.8154942702806302,0.8154942702806302
727,2023-12-31,193.9,12,2023,0.8115055515582066,0.8115055515582066
728,2024-01-01,193.95999999999998,1,2024,0.8135003876045632,0.8135003876045632
729,2024-01-02,187.15,1,2024,0.5808114272774545,0.5808114272774545
730,2024-01-03,184.22,1,2024,0.47662879026476607,0.47662879026476607
731,2024-01-04,182.15,1,2024,0.4014692308358218,0.4014692308358218
732,2024-01-05,181.99,1,2024,0.39560486578072657,0.39560486578072657
733,2024-01-06,182.07,1,2024,0.3985380434531024,0.3985380434531024
734,2024-01-07,181.99,1,2024,0.39560486578072657,0.39560486578072657
735,2024-01-08,182.09,1,2024,0.3992710268016955,0.3992710268016955
736,2024-01-09,183.92,1,2024,0.4658171229886277,0.4658171229886277
737,2024-01-10,184.35,1,2024,0.4813054028107333,0.4813054028107333
738,2024-01-11,186.54,1,2024,0.5593300583279277,0.5593300583279277
739,2024-01-12,186.06,1,2024,0.5423502372785581,0.5423502372785581
740,2024-01-13,186.3,1,2024,0.5508485966827787,0.5508485966827787
741,2024-01-14,186.06,1,2024,0.5423502372785581,0.5423502372785581
742,2024-01-15,186.18,1,2024,0.5466015326577908,0.5466015326577908
743,2024-01-16,182.16,1,2024,0.40183548942696123,0.40183548942696123
744,2024-01-17,181.27,1,2024,0.3691163358525125,0.3691163358525125
745,2024-01-18,186.09,1,2024,0.5434134581917666,0.5434134581917666
746,2024-01-19,189.33,1,2024,0.6567052091344033,0.6567052091344033
747,2024-01-20,187.71,1,2024,0.6004370048974573,0.6004370048974573
748,2024-01-21,189.33,1,2024,0.6567052091344033,0.6567052091344033
749,2024-01-22,192.3,1,2024,0.7579555751126801,0.7579555751126801
750,2024-01-23,195.02,1,2024,0.8485859738775259,0.8485859738775259
751,2024-01-24,195.42,1,2024,0.86174933220442,0.86174933220442
752,2024-01-25,195.22,1,2024,0.8551728631396168,0.8551728631396168
753,2024-01-26,194.27,1,2024,0.8237918693441756,0.8237918693441756
754,2024-01-27,194.74500000000003,1,2024,0.8395119369922727,0.8395119369922727
755,2024-01-28,194.27,1,2024,0.8237918693441756,0.8237918693441756
756,2024-01-29,192.01,1,2024,0.7481758891936584,0.7481758891936584
757,2024-01-30,190.94,1,2024,0.7118938404111799,0.7118938404111799
758,2024-01-31,187.04,1,2024,0.5769457386097806,0.5769457386097806
759,2024-02-01,183.99,2,2024,0.46834228116403054,0.46834228116403054
760,2024-02-02,179.86,2,2024,0.31676918872183163,0.31676918872183163
761,2024-02-03,181.925,2,2024,0.39322019188163104,0.39322019188163104
762,2024-02-04,179.86,2,2024,0.31676918872183163,0.31676918872183163
763,2024-02-05,188.15,2,2024,0.6157937511431832,0.6157937511431832
764,2024-02-06,186.86,2,2024,0.5706124837520569,0.5706124837520569
765,2024-02-07,190.64,2,2024,0.7016648610226257,0.7016648610226257
766,2024-02-08,189.38,2,2024,0.6584300427257279,0.6584300427257279
767,2024-02-09,188.65,2,2024,0.6331773851331163,0.6331773851331163
768,2024-02-10,189.01500000000004,2,2024,0.6458225506240661,0.6458225506240661
769,2024-02-11,188.65,2,2024,0.6331773851331163,0.6331773851331163
770,2024-02-12,188.41,2,2024,0.6248421364786283,0.6248421364786283
771,2024-02-13,185.77,2,2024,0.5320587622365729,0.5320587622365729
772,2024-02-14,185.32,2,2024,0.5160399962488809,0.5160399962488809
773,2024-02-15,183.55,2,2024,0.452445151829168,0.452445151829168
774,2024-02-16,183.42,2,2024,0.44773700135351746,0.44773700135351746
775,2024-02-17,183.48499999999999,2,2024,0.45009172075336545,0.45009172075336545
776,2024-02-18,183.42,2,2024,0.44773700135351746,0.44773700135351746
777,2024-02-19,183.4525,2,2024,0.44891452216639227,0.44891452216639227
778,2024-02-20,181.79,2,2024,0.388263199489477,0.388263199489477
779,2024-02-21,181.94,2,2024,0.3937706180541721,0.3937706180541721
780,2024-02-22,183.48,2,2024,0.4499106342459294,0.4499106342459294
781,2024-02-23,185.01,2,2024,0.5049698443974658,0.5049698443974658
782,2024-02-24,184.245,2,2024,0.4775285347257208,0.4775285347257208
783,2024-02-25,185.01,2,2024,0.5049698443974658,0.5049698443974658
784,2024-02-26,182.24,2,2024,0.40476444038605003,0.40476444038605003
785,2024-02-27,181.1,2,2024,0.36283837010144654,0.36283837010144654
786,2024-02-28,182.51,2,2024,0.41463500363937245,0.41463500363937245
787,2024-02-29,181.27,2,2024,0.3691163358525125,0.3691163358525125
788,2024-03-01,179.55,3,2024,0.3051751616351761,0.3051751616351761
789,2024-03-02,180.40999999999997,3,2024,0.3372634581692402,0.3372634581692402
790,2024-03-03,179.55,3,2024,0.3051751616351761,0.3051751616351761
791,2024-03-04,176.15,3,2024,0.17595273254838553,0.17595273254838553
792,2024-03-05,170.76,3,2024,-0.03699569365512559,-0.03699569365512559
793,2024-03-06,171.06,3,2024,-0.02487151969725265,-0.02487151969725265
794,2024-03-07,169.15,3,2024,-0.10262848152991344,-0.10262848152991344
795,2024-03-08,169.0,3,2024,-0.10879246346062282,-0.10879246346062282
796,2024-03-09,169.075,3,2024,-0.10570941695544556,-0.10570941695544556
797,2024-03-10,169.0,3,2024,-0.10879246346062282,-0.10879246346062282
798,2024-03-11,172.94,3,2024,0.050365795186472245,0.050365795186472245
799,2024-03-12,173.15,3,2024,0.05869155376784931,0.05869155376784931
800,2024-03-13,172.77,3,2024,0.043614451261799816,0.043614451261799816
801,2024-03-14,172.91,3,2024,0.0491751264716072,0.0491751264716072
802,2024-03-15,171.17,3,2024,-0.020434213001173013,-0.020434213001173013
803,2024-03-16,172.04,3,2024,0.014506361217051601,0.014506361217051601
804,2024-03-17,171.17,3,2024,-0.020434213001173013,-0.020434213001173013
805,2024-03-18,175.57,3,2024,0.15352374089515913,0.15352374089515913
806,2024-03-19,174.34,3,2024,0.10557796570800504,0.10557796570800504
807,2024-03-20,175.72,3,2024,0.15933530260312911,0.15933530260312911
808,2024-03-21,177.05,3,2024,0.21053143501879673,0.21053143501879673
809,2024-03-22,171.76,3,2024,0.0032909492935641804,0.0032909492935641804
810,2024-03-23,174.405,3,2024,0.10812474913676723,0.10812474913676723
811,2024-03-24,171.76,3,2024,0.0032909492935641804,0.0032909492935641804
812,2024-03-25,170.57,3,2024,-0.04469136398621693,-0.04469136398621693
813,2024-03-26,170.0,3,2024,-0.06785801960428371,-0.06785801960428371
814,2024-03-27,170.41,3,2024,-0.05118220322047037,-0.05118220322047037
815,2024-03-28,171.75,3,2024,0.0028898767078568265,0.0028898767078568265
816,2024-03-29,171.07999999999998,3,2024,-0.02406440896028433,-0.02406440896028433
817,2024-03-30,171.75,3,2024,0.0028898767078568265,0.0028898767078568265
818,2024-03-31,171.41499999999996,3,2024,-0.010566928970224506,-0.010566928970224506
819,2024-04-01,171.19,4,2024,-0.0196279030544999,-0.0196279030544999
820,2024-04-02,169.08,4,2024,-0.10550395560867695,-0.10550395560867695
821,2024-04-03,168.79,4,2024,-0.11743624488192755,-0.11743624488192755
822,2024-04-04,170.29,4,2024,-0.05605651188721954,-0.05605651188721954
823,2024-04-05,169.59,4,2024,-0.08459605699342439,-0.08459605699342439
824,2024-04-06,169.94,4,2024,-0.07030359289665808,-0.07030359289665808
825,2024-04-07,169.59,4,2024,-0.08459605699342439,-0.08459605699342439
826,2024-04-08,169.03,4,2024,-0.10755899137683661,-0.10755899137683661
827,2024-04-09,168.7,4,2024,-0.12114580791082281,-0.12114580791082281
828,2024-04-10,168.8,4,2024,-0.1170242597444223,-0.1170242597444223
829,2024-04-11,168.34,4,2024,-0.13601467286653277,-0.13601467286653277
830,2024-04-12,174.26,4,2024,0.10244144914080486,0.10244144914080486
831,2024-04-13,171.3,4,2024,-0.015195797252171073,-0.015195797252171073
832,2024-04-14,174.26,4,2024,0.10244144914080486,0.10244144914080486
833,2024-04-15,175.36,4,2024,0.1453746589107567,0.1453746589107567
834,2024-04-16,171.75,4,2024,0.0028898767078568265,0.0028898767078568265
835,2024-04-17,169.61,4,2024,-0.08377811804822335,-0.08377811804822335
836,2024-04-18,168.03,4,2024,-0.14885781651092667,-0.14885781651092667
837,2024-04-19,166.21,4,2024,-0.22500416133752366,-0.22500416133752366
838,2024-04-20,167.12,4,2024,-0.186770935578026,-0.186770935578026
839,2024-04-21,166.21,4,2024,-0.22500416133752366,-0.22500416133752366
840,2024-04-22,165.51,4,2024,-0.25463496178647643,-0.25463496178647643
841,2024-04-23,165.35,4,2024,-0.2614348971816926,-0.2614348971816926
842,2024-04-24,166.54,4,2024,-0.21110209191170173,-0.21110209191170173
843,2024-04-25,169.52,4,2024,-0.0874600167075306,-0.0874600167075306
844,2024-04-26,169.88,4,2024,-0.072750499891977,-0.072750499891977
845,2024-04-27,169.7,4,2024,-0.08009923506329393,-0.08009923506329393
846,2024-04-28,169.88,4,2024,-0.072750499891977,-0.072750499891977
847,2024-04-29,173.37,4,2024,0.06739706740828882,0.06739706740828882
848,2024-04-30,173.33,4,2024,0.06581551609391989,0.06581551609391989
849,2024-05-01,169.58,5,2024,-0.08500508232579565,-0.08500508232579565
850,2024-05-02,172.51,5,2024,0.03326899850785006,0.03326899850785006
851,2024-05-03,186.65,5,2024,0.5632117627758273,0.5632117627758273
852,2024-05-04,179.58,5,2024,0.30629851527092655,0.30629851527092655
853,2024-05-05,186.65,5,2024,0.5632117627758273,0.5632117627758273
854,2024-05-06,182.35,5,2024,0.408788506329021,0.408788506329021
855,2024-05-07,183.45,5,2024,0.4488239550841534,0.4488239550841534
856,2024-05-08,182.85,5,2024,0.42703256029932524,0.42703256029932524
857,2024-05-09,182.56,5,2024,0.41646041053757177,0.41646041053757177
858,2024-05-10,184.9,5,2024,0.5010348349577135,0.5010348349577135
859,2024-05-11,183.73000000000002,5,2024,0.45895563150277735,0.45895563150277735
860,2024-05-12,184.9,5,2024,0.5010348349577135,0.5010348349577135
861,2024-05-13,185.43,5,2024,0.5199612402838621,0.5199612402838621
862,2024-05-14,187.51,5,2024,0.5934382664224784,0.5934382664224784
863,2024-05-15,187.91,5,2024,0.6074242313921477,0.6074242313921477
864,2024-05-16,190.47,5,2024,0.6958573916770275,0.6958573916770275
865,2024-05-17,189.51,5,2024,0.6629113188927273,0.6629113188927273
866,2024-05-18,189.99,5,2024,0.6794165086920182,0.6794165086920182
867,2024-05-19,189.51,5,2024,0.6629113188927273,0.6629113188927273
868,2024-05-20,189.32,5,2024,0.6563601579554422,0.6563601579554422
869,2024-05-21,191.09,5,2024,0.7169990225934536,0.7169990225934536
870,2024-05-22,192.26,5,2024,0.7566080082392317,0.7566080082392317
871,2024-05-23,190.98,5,2024,0.7132558281238013,0.7132558281238013
872,2024-05-24,188.82,5,2024,0.6390716131146834,0.6390716131146834
873,2024-05-25,189.89999999999998,5,2024,0.6763266964225996,0.6763266964225996
874,2024-05-26,188.82,5,2024,0.6390716131146834,0.6390716131146834
875,2024-05-27,189.35999999999999,5,2024,0.6577401937347692,0.6577401937347692
876,2024-05-28,191.51,5,2024,0.7312606490763681,0.7312606490763681
877,2024-05-29,189.61,5,2024,0.6663552235395205,0.6663552235395205
878,2024-05-30,190.76,5,2024,0.7057594355438829,0.7057594355438829
879,2024-05-31,191.44,5,2024,0.7288870691698667,0.7288870691698667
880,2024-06-01,191.09999999999997,6,2024,0.7173391478994642,0.7173391478994642
881,2024-06-02,191.44,6,2024,0.7288870691698667,0.7288870691698667
882,2024-06-03,192.9,6,2024,0.7781172372362767,0.7781172372362767
883,2024-06-04,194.63,6,2024,0.8357114657499768,0.8357114657499768
884,2024-06-05,195.4,6,2024,0.8610921534346039,0.8610921534346039
885,2024-06-06,195.68,6,2024,0.8702832082970756,0.8702832082970756
886,2024-06-07,194.65,6,2024,0.8363726665136538,0.8363726665136538
887,2024-06-08,195.165,6,2024,0.8533625085052062,0.8533625085052062
888,2024-06-09,194.65,6,2024,0.8363726665136538,0.8363726665136538
889,2024-06-10,196.9,6,2024,0.9100939645112962,0.9100939645112962
890,2024-06-11,193.65,6,2024,0.8031834561274243,0.8031834561274243
891,2024-06-12,207.37,6,2024,1.2367419804818185,1.2367419804818185
892,2024-06-13,214.74,6,2024,1.451775712182902,1.451775712182902
893,2024-06-14,213.85,6,2024,1.4264177377478244,1.4264177377478244
894,2024-06-15,214.29500000000002,6,2024,1.4391170781925253,1.4391170781925253
895,2024-06-16,213.85,6,2024,1.4264177377478244,1.4264177377478244
896,2024-06-17,213.37,6,2024,1.4126736898680423,1.4126736898680423
897,2024-06-18,217.59,6,2024,1.5318967497109672,1.5318967497109672
898,2024-06-19,215.48000000000002,6,2024,1.4727364740737385,1.4727364740737385
899,2024-06-20,213.93,6,2024,1.4287037760761423,1.4287037760761423
900,2024-06-21,210.39,6,2024,1.326263820491739,1.326263820491739
901,2024-06-22,212.16,6,2024,1.3778141162983393,1.3778141162983393
902,2024-06-23,210.39,6,2024,1.326263820491739,1.326263820491739
903,2024-06-24,207.72,6,2024,1.2472200200673351,1.2472200200673351
904,2024-06-25,209.15,6,2024,1.2897483564620862,1.2897483564620862
905,2024-06-26,211.5,6,2024,1.3586699654461896,1.3586699654461896
906,2024-06-27,214.69,6,2024,1.4503554169539996,1.4503554169539996
907,2024-06-28,215.77,6,2024,1.4809204995949983,1.4809204995949983
908,2024-06-29,215.23000000000002,6,2024,1.4656675994975767,1.4656675994975767
909,2024-06-30,215.77,6,2024,1.4809204995949983,1.4809204995949983
910,2024-07-01,212.09,7,2024,1.3757880430309521,1.3757880430309521
911,2024-07-02,216.15,7,2024,1.491618688396182,1.491618688396182
912,2024-07-03,220.0,7,2024,1.5983925860744859,1.5983925860744859
913,2024-07-04,218.075,7,2024,1.5453699703729427,1.5453699703729427
914,2024-07-05,221.65,7,2024,1.643272798687035,1.643272798687035
915,2024-07-06,221.65,7,2024,1.643272798687035,1.643272798687035
916,2024-07-07,221.65,7,2024,1.643272798687035,1.643272798687035
917,2024-07-08,227.09,7,2024,1.7876545661500562,1.7876545661500562
918,2024-07-09,227.93,7,2024,1.8094727205253074,1.8094727205253074
919,2024-07-10,229.3,7,2024,1.844791579449464,1.844791579449464
920,2024-07-11,231.39,7,2024,1.898048024766627,1.898048024766627
921,2024-07-12,228.92,7,2024,1.8350278746396487,1.8350278746396487
922,2024-07-13,230.15499999999997,7,2024,1.8666686982148806,1.8666686982148806
923,2024-07-14,228.92,7,2024,1.8350278746396487,1.8350278746396487
924,2024-07-15,236.48,7,2024,2.0246917616760833,2.0246917616760833
925,2024-07-16,235.0,7,2024,1.988305808832532,1.988305808832532
926,2024-07-17,229.45,7,2024,1.848638787891064,1.848638787891064
927,2024-07-18,230.28,7,2024,1.8698565780977805,1.8698565780977805
928,2024-07-19,224.82,7,2024,1.7280640698474123,1.7280640698474123
929,2024-07-20,227.55,7,2024,1.7996180318949941,1.7996180318949941
930,2024-07-21,224.82,7,2024,1.7280640698474123,1.7280640698474123
931,2024-07-22,227.01,7,2024,1.7855701372471346,1.7855701372471346
932,2024-07-23,224.37,7,2024,1.7161403628898086,1.7161403628898086
933,2024-07-24,224.0,7,2024,1.706308687526136,1.706308687526136
934,2024-07-25,218.93,7,2024,1.5690092540030356,1.5690092540030356
935,2024-07-26,218.7,7,2024,1.5626642000972064,1.5626642000972064
936,2024-07-27,218.815,7,2024,1.565838016095837,1.565838016095837
937,2024-07-28,218.7,7,2024,1.5626642000972064,1.5626642000972064
938,2024-07-29,216.96,7,2024,1.5143259611776272,1.5143259611776272
939,2024-07-30,219.19,7,2024,1.5761695239125662,1.5761695239125662
940,2024-07-31,221.44,7,2024,1.6375895020383162,1.6375895020383162
941,2024-08-01,224.37,8,2024,1.7161403628898086,1.7161403628898086
942,2024-08-02,219.15,8,2024,1.5750687989320562,1.5750687989320562
943,2024-08-03,221.76,8,2024,1.6462464418141967,1.6462464418141967
944,2024-08-04,219.15,8,2024,1.5750687989320562,1.5750687989320562
945,2024-08-05,199.09,8,2024,0.9806096729566334,0.9806096729566334
946,2024-08-06,205.3,8,2024,1.1742081977688317,1.1742081977688317
947,2024-08-07,206.9,8,2024,1.2226283886370084,1.2226283886370084
948,2024-08-08,213.11,8,2024,1.4052090210540857,1.4052090210540857
949,2024-08-09,212.1,8,2024,1.376077545359845,1.376077545359845
950,2024-08-10,212.605,8,2024,1.3906700277484165,1.3906700277484165
951,2024-08-11,212.1,8,2024,1.376077545359845,1.376077545359845
952,2024-08-12,216.07,8,2024,1.4893688557719709,1.4893688557719709
953,2024-08-13,219.01,8,2024,1.571213813832937,1.571213813832937
954,2024-08-14,220.57,8,2024,1.613955341840149,1.613955341840149
955,2024-08-15,224.6,8,2024,1.7222393176650592,1.7222393176650592
956,2024-08-16,223.92,8,2024,1.7041796173514974,1.7041796173514974
957,2024-08-17,224.25999999999996,8,2024,1.7132200526809525,1.7132200526809525
958,2024-08-18,223.92,8,2024,1.7041796173514974,1.7041796173514974
959,2024-08-19,225.72,8,2024,1.7518011193430358,1.7518011193430358
960,2024-08-20,225.77,8,2024,1.7531155523364397,1.7531155523364397
961,2024-08-21,226.52,8,2024,1.7727781777198903,1.7727781777198903
962,2024-08-22,227.79,8,2024,1.8058450037668716,1.8058450037668716
963,2024-08-23,225.66,8,2024,1.7502232052730498,1.7502232052730498
964,2024-08-24,226.72500000000002,8,2024,1.7781351175279727,1.7781351175279727
965,2024-08-25,225.66,8,2024,1.7502232052730498,1.7502232052730498
966,2024-08-26,226.76,8,2024,1.779048968448011,1.779048968448011
967,2024-08-27,225.99,8,2024,1.7588937138271323,1.7588937138271323
968,2024-08-28,227.92,8,2024,1.8092137121887224,1.8092137121887224
969,2024-08-29,230.1,8,2024,1.8652651826348783,1.8652651826348783
970,2024-08-30,230.19,8,2024,1.8675615744481027,1.8675615744481027
971,2024-08-31,230.14500000000004,8,2024,1.8664135521482093,1.8664135521482093
972,2024-09-01,230.19,9,2024,1.8675615744481027,1.8675615744481027
973,2024-09-02,230.16750000000002,9,2024,1.8669876066890654,1.8669876066890654
974,2024-09-03,228.55,9,2024,1.8254969947456006,1.8254969947456006
975,2024-09-04,221.66,9,2024,1.6435432241699455,1.6435432241699455
976,2024-09-05,221.63,9,2024,1.6427318911194566,1.6427318911194566
977,2024-09-06,223.95,9,2024,1.70497815649097,1.70497815649097
978,2024-09-07,222.79000000000002,9,2024,1.673980316052406,1.673980316052406
979,2024-09-08,223.95,9,2024,1.70497815649097,1.70497815649097
980,2024-09-09,220.82,9,2024,1.62076150797007,1.62076150797007
981,2024-09-10,218.92,9,2024,1.5687335964417677,1.5687335964417677
982,2024-09-11,221.46,9,2024,1.6381311273990793,1.6381311273990793
983,2024-09-12,222.5,9,2024,1.6661918318132853,1.6661918318132853
984,2024-09-13,223.58,9,2024,1.695117929869919,1.695117929869919
985,2024-09-14,223.04000000000002,9,2024,1.6806819547382459,1.6806819547382459
986,2024-09-15,223.58,9,2024,1.695117929869919,1.695117929869919
987,2024-09-16,216.54,9,2024,1.5025682132808131,1.5025682132808131
988,2024-09-17,215.75,9,2024,1.4803566301308155,1.4803566301308155
989,2024-09-18,217.55,9,2024,1.5307834835510161,1.5307834835510161
990,2024-09-19,224.99,9,2024,1.7325589810433952,1.7325589810433952
991,2024-09-20,229.97,9,2024,1.8619457187302784,1.8619457187302784
992,2024-09-21,227.47999999999996,9,2024,1.7977999181887725,1.7977999181887725
993,2024-09-22,229.97,9,2024,1.8619457187302784,1.8619457187302784
994,2024-09-23,227.34,9,2024,1.7941610938402277,1.7941610938402277
995,2024-09-24,228.65,9,2024,1.8280752601754358,1.8280752601754358
996,2024-09-25,224.93,9,2024,1.7309731416880856,1.7309731416880856
997,2024-09-26,227.3,9,2024,1.7931207931636532,1.7931207931636532
998,2024-09-27,228.46,9,2024,1.8231750637523991,1.8231750637523991
999,2024-09-28,227.88000000000002,9,2024,1.8081775030718625,1.8081775030718625
1000,2024-09-29,228.46,9,2024,1.8231750637523991,1.8231750637523991
1001,2024-09-30,230.04,9,2024,1.8637334828756351,1.8637334828756351
1002,2024-10-01,229.52,10,2024,1.8504328209785839,1.8504328209785839
1003,2024-10-02,225.89,10,2024,1.75626835562882,1.75626835562882
1004,2024-10-03,225.14,10,2024,1.7365207197672725,1.7365207197672725
1005,2024-10-04,227.9,10,2024,1.8086956427882839,1.8086956427882839
1006,2024-10-05,226.51999999999998,10,2024,1.7727781777198903,1.7727781777198903
1007,2024-10-06,227.9,10,2024,1.8086956427882839,1.8086956427882839
1008,2024-10-07,224.5,10,2024,1.7195887854721568,1.7195887854721568
1009,2024-10-08,224.3,10,2024,1.7142822399086,1.7142822399086
1010,2024-10-09,225.23,10,2024,1.738895804302263,1.738895804302263
1011,2024-10-10,227.78,10,2024,1.8055857492007032,1.8055857492007032
1012,2024-10-11,229.3,10,2024,1.844791579449464,1.844791579449464
1013,2024-10-12,228.53999999999996,10,2024,1.825239072247632,1.825239072247632
1014,2024-10-13,229.3,10,2024,1.844791579449464,1.844791579449464
1015,2024-10-14,228.7,10,2024,1.829363739039765,1.829363739039765
1016,2024-10-15,233.61,10,2024,1.9538082805751318,1.9538082805751318
1017,2024-10-16,231.6,10,2024,1.90335802299403,1.90335802299403
1018,2024-10-17,233.43,10,2024,1.9493177519956986,1.9493177519956986
1019,2024-10-18,236.18,10,2024,2.0173447369476736,2.0173447369476736
1020,2024-10-19,234.805,10,2024,1.9834852813794113,1.9834852813794113
1021,2024-10-20,236.18,10,2024,2.0173447369476736,2.0173447369476736
1022,2024-10-21,234.45,10,2024,1.974693532739804,1.974693532739804
1023,2024-10-22,233.88,10,2024,1.9605340486184024,1.9605340486184024
1024,2024-10-23,234.08,10,2024,1.9655083614440487,1.9655083614440487
1025,2024-10-24,229.98,10,2024,1.8622011651316017,1.8622011651316017
1026,2024-10-25,229.74,10,2024,1.8560657061024959,1.8560657061024959
1027,2024-10-26,229.85999999999996,10,2024,1.8591346740488848,1.8591346740488848
1028,2024-10-27,229.74,10,2024,1.8560657061024959,1.8560657061024959
1029,2024-10-28,233.32,10,2024,1.9465709027007683,1.9465709027007683
1030,2024-10-29,233.1,10,2024,1.9410711906583162,1.9410711906583162
1031,2024-10-30,232.61,10,2024,1.9287929294270676,1.9287929294270676
1032,2024-10-31,229.34,10,2024,1.8458178821968623,1.8458178821968623
1033,2024-11-01,220.96,11,2024,1.6245677588849965,1.6245677588849965
